id,company_name,industry,number
1,統新光訊股份有限公司,民間產業/光電,2
2,正文科技股份有限公司,民間產業/通訊,28
3,亞睿資訊股份有限公司,民間產業/資訊,3
4,豪勉科技股份有限公司,民間產業/資訊,2
5,財團法人永齡健康基金會,財團法人研究機構/,1
6,磐安科技研發室,政府機關/,5
8,衛生福利部,政府機關/,36
9,行政院農業委員會臺南區農業改良場,政府機關/,1
10,州巧科技股份有限公司,民間產業/金屬,3
11,中美矽晶製品股份有限公司,民間產業/半導體,5
12,財團法人中國驗船中心,財團法人研究機構/,1
13,權億科技股份有限公司,民間產業/通訊,6
14,光磊科技股份有限公司,民間產業/光電,1
15,正新橡膠工業股份有限公司,民間產業/其他,17
17,國立虎尾科技大學,大學校院/,4
18,復盛精密工業股份有限公司,民間產業/電子,2
19,倡新科技股份有限公司,民間產業/電子,3
20,鉅業精機股份有限公司,民間產業/機械,2
21,廣化科技股份有限公司,民間產業/半導體,3
22,神準科技股份有限公司,民間產業/通訊,12
25,威航科技股份有限公司,民間產業/半導體,2
26,太豪生醫股份有限公司,民間產業/民生化工生技,3
27,財團法人紡織產業綜合研究所,財團法人研究機構/,3
28,凌巨科技股份有限公司,民間產業/光電,13
29,財團法人國家實驗研究院,財團法人研究機構/,4
30,新盛力科技股份有限公司,民間產業/電機,4
31,聯發科技股份有限公司,民間產業/半導體,164
32,威盛電子股份有限公司,民間產業/半導體,15
33,聯嘉光電股份有限公司,民間產業/光電,5
34,明泰科技股份有限公司,民間產業/通訊,15
35,台灣新思科技股份有限公司,民間產業/資訊,13
36,鼎維工業股份有限公司,民間產業/機械,2
37,可成科技股份有限公司,民間產業/金屬,18
38,國鼎生物科技股份有限公司,民間產業/民生化工生技,2
39,奇景光電股份有限公司,民間產業/半導體,25
40,迅得機械股份有限公司,民間產業/機械,4
41,上博科技股份有限公司,民間產業/資訊,4
42,厚翼科技股份有限公司,民間產業/半導體,3
43,伊雲谷數位科技股份有限公司,民間產業/資訊,4
44,西柏科技股份有限公司,民間產業/電子,3
45,旺玖科技股份有限公司,民間產業/電子,2
46,佳能企業股份有限公司,民間產業/電子,10
47,大數據股份有限公司,民間產業/資訊,2
48,耀登科技股份有限公司,民間產業/通訊,3
49,財團法人金屬工業研究發展中心,財團法人研究機構/,8
50,慧榮科技股份有限公司,民間產業/半導體,13
51,聯華電子股份有限公司,民間產業/半導體,173
52,艾克爾國際科技股份有限公司,民間產業/半導體,30
53,聚晶半導體股份有限公司,民間產業/半導體,25
54,淡江大學,大學校院/,1
55,華冠通訊股份有限公司,民間產業/通訊,16
56,群創光電股份有限公司,民間產業/光電,45
58,欣銓科技股份有限公司,民間產業/半導體,5
59,雙子星雲端運算股份有限公司,民間產業/資訊,6
60,油機工業股份有限公司,民間產業/機械,2
61,協祥機械工業股份有限公司,民間產業/機械,3
62,瑞德感知科技股份有限公司,民間產業/其他,2
63,中華精測科技股份有限公司,民間產業/半導體,16
64,榮群電訊股份有限公司,民間產業/通訊,5
65,員和工業股份有限公司,民間產業/民生化工生技,2
66,鴻海精密工業股份有限公司,民間產業/電子,38
67,宇匯知識科技股份有限公司,民間產業/資訊,4
68,華城電機股份有限公司,民間產業/電機,4
69,銀燦科技股份有限公司,民間產業/半導體,5
70,智易科技股份有限公司,民間產業/通訊,8
71,泰藝電子股份有限公司,民間產業/電子,3
72,光合聲科技股份有限公司,民間產業/民生化工生技,5
73,創惟科技股份有限公司,民間產業/半導體,2
74,和椿科技股份有限公司,民間產業/電機,3
75,千才科技股份有限公司,民間產業/光電,2
76,台灣東電化股份有限公司,民間產業/電子,4
77,德義資訊股份有限公司,民間產業/資訊,4
78,由田新技股份有限公司,民間產業/光電,3
80,瑞昱半導體股份有限公司,民間產業/半導體,76
81,德臻科技股份有限公司,民間產業/電子,4
82,大豐環保科技股份有限公司,民間產業/其他,2
83,波若威科技股份有限公司,民間產業/光電,5
85,元大證券投資顧問股份有限公司,民間產業/服務業,1
86,亞太優勢微系統股份有限公司,民間產業/半導體,3
87,昇達科技股份有限公司,民間產業/通訊,5
88,普安科技股份有限公司,民間產業/資訊,27
89,台灣積體電路製造股份有限公司,民間產業/半導體,300
90,國立中央大學,大學校院/,7
91,益網科技股份有限公司,民間產業/通訊,1
92,達爾科技股份有限公司,民間產業/半導體,2
93,奇美車電股份有限公司,民間產業/電子,3
94,傳象科技股份有限公司,民間產業/通訊,3
95,北極星測繪科技有限公司,民間產業/資訊,2
96,維州生物科技股份有限公司,民間產業/民生化工生技,6
97,漢磊科技股份有限公司,民間產業/半導體,11
98,廣明光電股份有限公司,民間產業/光電,15
99,原相科技股份有限公司,民間產業/半導體,18
100,艾克爾先進科技股份有限公司,民間產業/半導體,15
101,新漢股份有限公司,民間產業/資訊,2
103,崧旭資訊股份有限公司,民間產業/資訊,2
104,威得客國際股份有限公司,民間產業/機械,3
105,陸聯精密股份有限公司,民間產業/機械,5
106,財團法人資訊工業策進會,財團法人研究機構/,49
107,勞動部勞動及職業安全衛生研究所,政府機關/,12
108,立錡科技股份有限公司,民間產業/半導體,23
109,衡宇科技股份有限公司,民間產業/半導體,8
112,昇陽國際半導體股份有限公司,民間產業/半導體,5
113,研華股份有限公司,民間產業/資訊,11
114,久允工業股份有限公司,民間產業/金屬,1
115,台達電子工業股份有限公司,民間產業/電子,59
116,日月光半導體製造股份有限公司,民間產業/半導體,88
117,艾富資訊股份有限公司,民間產業/資訊,1
118,強茂股份有限公司,民間產業/半導體,4
119,茂達電子股份有限公司,民間產業/電子,15
120,漢鐘精機股份有限公司,民間產業/機械,6
121,善元科技股份有限公司,民間產業/電子,3
122,盛群半導體股份有限公司,民間產業/半導體,11
124,康和綜合證券股份有限公司,民間產業/服務業,2
125,佳勝科技股份有限公司,民間產業/電子,2
126,東杰精機股份有限公司,民間產業/半導體,3
127,全家便利商店股份有限公司,民間產業/服務業,11
128,嶼丞科技股份有限公司,民間產業/電子,1
129,韋僑科技股份有限公司,民間產業/電子,6
130,資拓宏宇國際股份有限公司,民間產業/資訊,20
131,歐西普亞洲股份有限公司,民間產業/光電,2
132,翊傑科技股份有限公司,民間產業/半導體,2
133,英特盛科技股份有限公司,民間產業/光電,11
134,東佑達自動化科技股份有限公司,民間產業/機械,6
135,台全電機股份有限公司,民間產業/電機,5
136,鈊象電子股份有限公司,民間產業/數位內容,14
137,先鋒材料科技股份有限公司,民間產業/電子,2
138,訊真科技股份有限公司,民間產業/資訊,3
139,行政院原子能委員會核能研究所,公立研究機關（構）/,13
140,金寶電子工業股份有限公司,民間產業/電子,4
141,經貿聯網科技股份有限公司,民間產業/資訊,8
142,嘉實資訊股份有限公司,民間產業/資訊,6
143,原盛科技股份有限公司,民間產業/半導體,3
144,松翰科技股份有限公司,民間產業/半導體,9
145,環球晶圓股份有限公司,民間產業/半導體,10
146,旺宏電子股份有限公司,民間產業/半導體,42
147,安華聯網科技股份有限公司,民間產業/資訊,1
148,光興國際股份有限公司,民間產業/半導體,5
149,昇佳電子股份有限公司,民間產業/電子,1
150,思創影像科技股份有限公司,民間產業/數位內容,1
151,力領科技股份有限公司,民間產業/半導體,1
152,力旺電子股份有限公司,民間產業/半導體,2
153,訊舟科技股份有限公司,民間產業/通訊,5
154,樺賦科技股份有限公司,民間產業/資訊,2
155,聯合通商電子商務股份有限公司,民間產業/資訊,1
156,緯穎科技服務股份有限公司,民間產業/資訊,12
157,衛生福利部疾病管制署,政府機關/,24
158,意象無限股份有限公司,民間產業/電子,3
159,洲晟實業股份有限公司,民間產業/金屬,2
160,愛盛科技股份有限公司,民間產業/半導體,4
161,宏碁股份有限公司,民間產業/資訊,29
162,台灣數位學習科技股份有限公司,民間產業/數位內容,2
163,台灣氣立股份有限公司,民間產業/機械,5
164,科盛科技股份有限公司,民間產業/資訊,3
165,廣積科技股份有限公司,民間產業/電子,3
166,定興科技股份有限公司,民間產業/資訊,2
167,台揚科技股份有限公司,民間產業/通訊,6
169,鋐寶科技股份有限公司,民間產業/通訊,6
170,金麗科技股份有限公司,民間產業/半導體,2
171,致茂電子股份有限公司,民間產業/電機,19
172,台灣聚合化學品股份有限公司,民間產業/民生化工生技,9
173,易享科技股份有限公司,民間產業/資訊,5
174,週可思股份有限公司,民間產業/資訊,1
175,大量科技股份有限公司,民間產業/機械,3
176,衛生福利部桃園醫院,政府機關/,1
177,中化合成生技股份有限公司,民間產業/民生化工生技,3
178,宇峻奧汀科技股份有限公司,民間產業/數位內容,1
180,機光照明股份有限公司,民間產業/光電,2
181,榮田精機股份有限公司,民間產業/機械,1
183,英丰寶資訊股份有限公司,民間產業/資訊,3
185,臻賞工業股份有限公司,民間產業/機械,3
186,光寶科技股份有限公司,民間產業/電子,88
188,台林電通股份有限公司,民間產業/通訊,3
189,技嘉科技股份有限公司,民間產業/資訊,7
190,保音股份有限公司,民間產業/電子,1
191,台灣類比科技股份有限公司,民間產業/半導體,4
192,銀濎科技股份有限公司,民間產業/資訊,2
194,鎰福電子股份有限公司,民間產業/電機,2
195,祥碩科技股份有限公司,民間產業/半導體,6
196,正基科技股份有限公司,民間產業/通訊,3
197,晶睿通訊股份有限公司,民間產業/通訊,6
198,通嘉科技股份有限公司,民間產業/電子,2
199,三皇化工企業股份有限公司,民間產業/民生化工生技,2
200,英屬維京群島商輝達維京股份有限公司台灣分公司,民間產業/半導體,32
201,群暉科技股份有限公司,民間產業/資訊,45
202,東元精電股份有限公司,民間產業/機械,2
203,聖洋科技股份有限公司,民間產業/資訊,6
204,視達威科技股份有限公司,民間產業/通訊,4
205,財團法人工業技術研究院,財團法人研究機構/,147
206,矽創電子股份有限公司,民間產業/半導體,8
207,鈦思科技股份有限公司,民間產業/資訊,3
208,森淨科技股份有限公司,民間產業/資訊,1
209,威鋒電子股份有限公司,民間產業/半導體,7
210,瑞鼎科技股份有限公司,民間產業/半導體,4
211,台萬工業股份有限公司,民間產業/機械,1
212,衛生福利部中央健康保險署,政府機關/,7
213,國立中興大學,大學校院/,10
214,財團法人食品工業發展研究所,財團法人研究機構/,2
215,國立臺灣科技大學,大學校院/,5
216,威創科技股份有限公司,民間產業/通訊,2
217,啟碁科技股份有限公司,民間產業/通訊,17
218,行政院農業委員會農業試驗所,政府機關/,1
219,逢甲大學,大學校院/,1
220,沃博股份有限公司,民間產業/數位內容,3
221,和沛移動股份有限公司,民間產業/資訊,12
222,精英電腦股份有限公司,民間產業/資訊,13
224,達興材料股份有限公司,民間產業/民生化工生技,3
225,精聯電子股份有限公司,民間產業/電子,4
226,耕雲智慧生活科技股份有限公司,民間產業/資訊,3
227,產晶積體電路股份有限公司,民間產業/半導體,3
228,東貝光電科技股份有限公司,民間產業/光電,8
229,旭東機械工業股份有限公司,民間產業/機械,4
230,中央研究院,公立研究機關（構）/,74
231,發得科技工業股份有限公司,民間產業/機械,4
232,芳興科技股份有限公司,民間產業/電子,3
233,台灣福雷電子股份有限公司,民間產業/半導體,15
234,叡揚資訊股份有限公司,民間產業/資訊,11
235,士林電機廠股份有限公司,民間產業/電機,5
236,英屬開曼群島商博衛生物醫學股份有限公司台灣分,民間產業/其他,1
237,寶碩財務科技股份有限公司,民間產業/資訊,4
239,全漢企業股份有限公司,民間產業/電子,6
240,國家中山科學研究院,行政法人/,100
241,台耀化學股份有限公司,民間產業/民生化工生技,4
242,豐聯資訊股份有限公司,民間產業/資訊,5
243,隆達電子股份有限公司,民間產業/光電,11
244,機光科技股份有限公司,民間產業/光電,2
245,智原科技股份有限公司,民間產業/半導體,27
246,沛星互動科技股份有限公司,民間產業/數位內容,10
247,瑞祺電通股份有限公司,民間產業/通訊,3
248,科毅科技股份有限公司,民間產業/機械,2
249,光澄科技股份有限公司,民間產業/光電,1
250,露天市集國際資訊股份有限公司,民間產業/資訊,8
251,財團法人印刷工業技術研究中心,財團法人研究機構/,3
252,萊鎂醫療器材股份有限公司,民間產業/民生化工生技,3
253,日月光電子股份有限公司,民間產業/半導體,10
254,佳邦科技股份有限公司,民間產業/電子,10
255,茂順密封元件科技股份有限公司,民間產業/機械,6
258,利善美智能工業股份有限公司,民間產業/其他,2
260,光陽工業股份有限公司,民間產業/機械,12
261,台欣生物科技研發股份有限公司,民間產業/民生化工生技,6
262,新加坡商鈦坦科技股份有限公司台灣分公司,民間產業/資訊,4
263,研揚科技股份有限公司,民間產業/電子,5
264,瑞智精密股份有限公司,民間產業/電機,8
265,眾智光電科技股份有限公司,民間產業/光電,1
266,景翊科技股份有限公司,民間產業/資訊,1
267,義傳科技股份有限公司,民間產業/半導體,2
268,元大證券股份有限公司,民間產業/服務業,3
269,尼克森微電子股份有限公司,民間產業/半導體,3
270,華通電腦股份有限公司,民間產業/電子,2
271,和碩聯合科技股份有限公司,民間產業/資訊,35
272,習詠有限公司,民間產業/數位內容,2
273,國立交通大學,大學校院/,18
275,復盛應用科技股份有限公司,民間產業/金屬,2
276,台一國際股份有限公司,民間產業/金屬,3
277,宏匠實業股份有限公司,民間產業/電子,3
278,榕懋實業股份有限公司,民間產業/民生化工生技,4
279,南光化學製藥股份有限公司,民間產業/民生化工生技,1
281,友達晶材股份有限公司,民間產業/光電,10
282,數位無限軟體股份有限公司,民間產業/資訊,3
283,訊連科技股份有限公司,民間產業/數位內容,13
284,華苓科技股份有限公司,民間產業/資訊,1
285,昱泉國際股份有限公司,民間產業/數位內容,4
286,太思科技股份有限公司,民間產業/資訊,7
287,大猩猩科技股份有限公司,民間產業/資訊,10
288,台灣國際造船股份有限公司,民間產業/機械,7
289,集盛實業股份有限公司,民間產業/民生化工生技,2
290,馗鼎奈米科技股份有限公司,民間產業/機械,2
291,信驊科技股份有限公司,民間產業/半導體,3
292,中興測量有限公司,民間產業/資訊,1
293,円星科技股份有限公司,民間產業/半導體,3
294,齊碩科技股份有限公司,民間產業/電子,2
296,捷睿智能股份有限公司,民間產業/資訊,14
297,新唐科技股份有限公司,民間產業/半導體,28
298,安富科技股份有限公司,民間產業/半導體,7
299,晨星半導體股份有限公司,民間產業/半導體,40
300,亞獵士科技股份有限公司,民間產業/金屬,6
301,弘訊科技股份有限公司,民間產業/電子,7
302,桂盟企業股份有限公司,民間產業/機械,3
303,友嘉實業股份有限公司,民間產業/機械,12
304,鴻璟科技股份有限公司,民間產業/半導體,4
305,優你康光學股份有限公司,民間產業/民生化工生技,2
306,陞泰科技股份有限公司,民間產業/電子,2
307,唯新工業股份有限公司,民間產業/其他,1
308,精拓科技股份有限公司,民間產業/半導體,3
309,合晶科技股份有限公司,民間產業/半導體,14
310,國立清華大學,大學校院/,13
311,百利通亞陶科技股份有限公司,民間產業/電子,2
312,北極光電股份有限公司,民間產業/電子,2
313,文鼎科技開發股份有限公司,民間產業/資訊,3
314,行政院農業委員會水土保持局,政府機關/,2
315,星博電子股份有限公司,民間產業/電子,2
316,聯經數位股份有限公司,民間產業/資訊,2
317,內政部建築研究所,政府機關/,8
318,多采科技有限公司,民間產業/資訊,1
319,昱晶能源科技股份有限公司,民間產業/光電,6
320,展翊光電股份有限公司,民間產業/光電,2
321,友旺科技股份有限公司,民間產業/電子,1
322,佰龍機械廠股份有限公司,民間產業/機械,4
323,律豐工業股份有限公司,民間產業/機械,2
324,國立成功大學,大學校院/,21
325,英華達股份有限公司,民間產業/通訊,15
326,明達醫學科技股份有限公司,民間產業/民生化工生技,1
327,麥智科技股份有限公司,民間產業/民生化工生技,1
328,致新科技股份有限公司,民間產業/半導體,3
329,圓展科技股份有限公司,民間產業/電子,4
330,交通部中央氣象局,政府機關/,8
331,聿新生物科技股份有限公司,民間產業/其他,5
332,台灣引興股份有限公司,民間產業/機械,8
333,圜達實業股份有限公司,民間產業/電子,8
334,財團法人精密機械研究發展中心,財團法人研究機構/,11
335,宏達國際電子股份有限公司,民間產業/通訊,47
336,建準電機工業股份有限公司,民間產業/電機,7
337,均華精密工業股份有限公司,民間產業/半導體,3
338,禾企電子股份有限公司,民間產業/光電,10
339,精品科技股份有限公司,民間產業/資訊,3
340,彥豪金屬工業股份有限公司,民間產業/金屬,10
341,龍捲風科技股份有限公司,民間產業/資訊,2
342,晶豪科技股份有限公司,民間產業/半導體,10
343,和友紡織股份有限公司,民間產業/民生化工生技,2
344,均豪精密工業股份有限公司,民間產業/機械,11
345,智邦科技股份有限公司,民間產業/通訊,13
346,點序科技股份有限公司,民間產業/半導體,8
347,絡達科技股份有限公司,民間產業/半導體,19
348,凌網科技股份有限公司,民間產業/資訊,2
349,視動自動化科技股份有限公司,民間產業/機械,1
350,大井泵浦工業股份有限公司,民間產業/機械,3
351,玄力科技股份有限公司,民間產業/資訊,4
352,財團法人車輛研究測試中心,財團法人研究機構/,13
353,智晶光電股份有限公司,民間產業/電子,1
354,一元素科技股份有限公司,民間產業/半導體,2
355,東琳精密股份有限公司,民間產業/半導體,8
356,嚮樂科技股份有限公司,民間產業/資訊,3
357,財團法人國家同步輻射研究中心,財團法人研究機構/,17
358,潤泰全球股份有限公司,民間產業/民生化工生技,3
359,禾瑞亞科技股份有限公司,民間產業/半導體,3
360,豐興鋼鐵股份有限公司,民間產業/金屬,5
361,全智科技股份有限公司,民間產業/半導體,12
362,泰達運動顧問有限公司,民間產業/其他,1
363,辰晧電子股份有限公司,民間產業/電子,1
364,芯鼎科技股份有限公司,民間產業/半導體,4
365,盈予股份有限公司,民間產業/資訊,1
367,信鍇實業股份有限公司,民間產業/金屬,2
370,圓剛科技股份有限公司,民間產業/電子,6
371,振鋒企業股份有限公司,民間產業/金屬,2
372,明緯企業股份有限公司,民間產業/電子,5
373,智崴資訊科技股份有限公司,民間產業/資訊,2
374,願境網訊股份有限公司,民間產業/數位內容,4
375,益芯科技股份有限公司,民間產業/半導體,4
378,二億企業股份有限公司,民間產業/其他,12
379,智瀚科技股份有限公司,民間產業/通訊,2
380,聯穎光電股份有限公司,民間產業/半導體,3
381,春保森拉天時鎢鋼合金股份有限公司,民間產業/金屬,1
382,東和鋼鐵企業股份有限公司,民間產業/金屬,7
383,瑞聚科技股份有限公司,民間產業/資訊,2
384,宏齊科技股份有限公司,民間產業/半導體,12
385,上洋產業股份有限公司,民間產業/其他,2
386,中華電信股份有限公司,民間產業/通訊,86
387,東訊股份有限公司,民間產業/通訊,3
388,台灣光罩股份有限公司,民間產業/半導體,5
389,建國工程股份有限公司,民間產業/其他,3
390,智泰科技股份有限公司,民間產業/光電,2
391,居易科技股份有限公司,民間產業/通訊,3
392,友達光電股份有限公司,民間產業/光電,40
393,榮創能源科技股份有限公司,民間產業/光電,1
394,智微科技股份有限公司,民間產業/電子,6
395,佑華微電子股份有限公司,民間產業/半導體,3
396,杭特電子股份有限公司,民間產業/光電,5
397,其陽科技股份有限公司,民間產業/電子,2
398,偉康科技股份有限公司,民間產業/資訊,3
399,和鑫光電股份有限公司,民間產業/光電,5
400,聚積科技股份有限公司,民間產業/半導體,7
401,經緯航太科技股份有限公司,民間產業/資訊,14
402,亞源科技股份有限公司,民間產業/電機,4
403,搏盟科技股份有限公司,民間產業/機械,3
404,驊宏資通股份有限公司,民間產業/資訊,3
405,國碩科技工業股份有限公司,民間產業/光電,4
406,行政院農業委員會水產試驗所,政府機關/,1
407,力成科技股份有限公司,民間產業/半導體,10
408,樺欣機械工業股份有限公司,民間產業/機械,1
409,合勤科技股份有限公司,民間產業/通訊,5
410,英濟股份有限公司,民間產業/電子,2
411,世大化成股份有限公司,民間產業/民生化工生技,5
412,建漢科技股份有限公司,民間產業/通訊,12
413,凌陽科技股份有限公司,民間產業/半導體,10
414,瑞霸生技股份有限公司,民間產業/民生化工生技,2
415,采威國際資訊股份有限公司,民間產業/資訊,15
416,亞力電機股份有限公司,民間產業/電機,3
417,台達化學工業股份有限公司,民間產業/民生化工生技,1
418,漢翔航空工業股份有限公司,民間產業/其他,12
419,造隆股份有限公司,民間產業/電子,9
420,歐酷網路股份有限公司,民間產業/資訊,2
422,喬鼎資訊股份有限公司,民間產業/資訊,4
424,九星資訊有限公司,民間產業/數位內容,6
425,日盛期貨股份有限公司,民間產業/服務業,2
426,財團法人船舶暨海洋產業研發中心,財團法人研究機構/,13
427,台耀科技股份有限公司,民間產業/金屬,7
428,台灣穗高科技股份有限公司,民間產業/金屬,2
429,天鈺科技股份有限公司,民間產業/半導體,13
430,敦泰電子股份有限公司,民間產業/半導體,8
431,融程電訊股份有限公司,民間產業/電子,1
432,關貿網路股份有限公司,民間產業/資訊,6
433,吉佳科技股份有限公司,民間產業/電子,3
434,佐臻股份有限公司,民間產業/電子,4
435,順天醫藥生技股份有限公司,民間產業/民生化工生技,1
436,捷智科技股份有限公司,民間產業/機械,1
437,超豐電子股份有限公司,民間產業/半導體,30
438,華經資訊企業股份有限公司,民間產業/資訊,4
439,網銀國際股份有限公司,民間產業/數位內容,3
440,天空傳媒股份有限公司,民間產業/數位內容,3
442,彩富電子股份有限公司,民間產業/通訊,5
443,德州儀器工業股份有限公司,民間產業/半導體,7
444,趨勢科技股份有限公司,民間產業/資訊,5
445,米安科技有限公司,民間產業/民生化工生技,1
446,威力暘電子股份有限公司,民間產業/電子,4
447,凌誠科技股份有限公司,民間產業/資訊,1
448,聯合骨科器材股份有限公司,民間產業/民生化工生技,3
449,東林科技股份有限公司,民間產業/電子,3
450,威光自動化科技股份有限公司,民間產業/機械,9
451,浚鴻數據開發股份有限公司,民間產業/資訊,1
452,玖鼎電力資訊股份有限公司,民間產業/電機,1
453,源思科技股份有限公司,民間產業/資訊,4
454,台灣智園有限公司,民間產業/服務業,8
455,何理互動設計有限公司,民間產業/數位內容,2
456,華邦電子股份有限公司,民間產業/半導體,20
457,大立光電股份有限公司,民間產業/光電,20
459,川湖科技股份有限公司,民間產業/電子,34
460,安謀國際科技股份有限公司,民間產業/半導體,2
461,群燿科技股份有限公司,民間產業/其他,4
462,晶心科技股份有限公司,民間產業/半導體,8
463,璟德電子工業股份有限公司,民間產業/電子,3
464,博遠智能科技股份有限公司,民間產業/資訊,2
465,寶健科技股份有限公司,民間產業/民生化工生技,1
466,博磊科技股份有限公司,民間產業/半導體,8
467,醫博科技股份有限公司,民間產業/民生化工生技,1
468,博隆精密科技股份有限公司,民間產業/光電,2
469,樂金股份有限公司,民間產業/半導體,1
471,界霖科技股份有限公司,民間產業/半導體,6
473,台灣新蛋股份有限公司,民間產業/資訊,8
474,町洋企業股份有限公司,民間產業/其他,4
475,四零四科技股份有限公司,民間產業/通訊,7
476,協易機械工業股份有限公司,民間產業/機械,4
477,光燿科技股份有限公司,民間產業/光電,2
478,華星光通科技股份有限公司,民間產業/半導體,7
479,艾銳斯動力科技有限公司,民間產業/電子,1
481,環鴻科技股份有限公司,民間產業/通訊,17
482,安國國際科技股份有限公司,民間產業/半導體,2
484,揚智科技股份有限公司,民間產業/半導體,5
485,天崗精機科技股份有限公司,民間產業/機械,1
486,德律科技股份有限公司,民間產業/電子,3
487,中德電子材料股份有限公司,民間產業/半導體,20
488,精浚科技股份有限公司,民間產業/機械,3
489,易力科技股份有限公司,民間產業/資訊,2
490,美超微電腦股份有限公司,民間產業/電子,2
491,大詠城機械股份有限公司,民間產業/機械,2
492,艾明科技股份有限公司,民間產業/資訊,1
493,艾緯科技股份有限公司,民間產業/通訊,1
494,京元電子股份有限公司,民間產業/半導體,61
495,榮光科技有限公司,民間產業/資訊,2
496,宣德科技股份有限公司,民間產業/電子,5
497,台輝光科技股份有限公司,民間產業/半導體,2
498,安霸股份有限公司,民間產業/半導體,6
499,福裕事業股份有限公司,民間產業/機械,4
500,日商艾鳴網路遊戲股份有限公司台灣分公司,民間產業/其他,5
501,連易科技股份有限公司,民間產業/通訊,2
502,艾易科技股份有限公司,民間產業/通訊,2
503,大瓏企業股份有限公司,民間產業/民生化工生技,10
504,聯華電信股份有限公司,民間產業/通訊,4
505,思銳科技股份有限公司,民間產業/資訊,2
507,展顥科技股份有限公司,民間產業/半導體,1
509,庫點子文創資訊產業有限公司,民間產業/資訊,2
510,衛生福利部食品藥物管理署,政府機關/,31
511,大東樹脂化學股份有限公司,民間產業/民生化工生技,3
512,鑫禾科技股份有限公司,民間產業/電子,7
513,中美萬泰科技股份有限公司,民間產業/資訊,2
514,家登精密工業股份有限公司,民間產業/半導體,2
516,新達科技股份有限公司,民間產業/資訊,2
517,友通資訊股份有限公司,民間產業/資訊,6
518,三商電腦股份有限公司,民間產業/資訊,3
519,勝德國際研發股份有限公司,民間產業/電子,6
520,穩懋半導體股份有限公司,民間產業/半導體,3
521,展達通訊股份有限公司,民間產業/通訊,6
522,宏觀微電子股份有限公司,民間產業/電子,2
526,優像數位媒體科技股份有限公司,民間產業/數位內容,2
527,英屬維京群島商幫你優股份有限公司台灣分公司,民間產業/資訊,4
528,先進光電科技股份有限公司,民間產業/光電,3
529,佳和桂科技股份有限公司,民間產業/民生化工生技,1
530,創意電子股份有限公司,民間產業/半導體,10
531,甲尚股份有限公司,民間產業/數位內容,6
532,聯合報股份有限公司,民間產業/數位內容,3
533,健鼎科技股份有限公司,民間產業/電子,5
534,直得科技股份有限公司,民間產業/金屬,7
535,長庚大學,大學校院/,1
536,創國精密股份有限公司,民間產業/機械,4
537,譁裕實業股份有限公司,民間產業/通訊,3
539,瑞傳科技股份有限公司,民間產業/電子,9
540,鋇鎝科技股份有限公司,民間產業/電子,5
541,勝義科技股份有限公司,民間產業/資訊,6
543,可取國際股份有限公司,民間產業/電子,5
544,東森信息科技股份有限公司,民間產業/資訊,5
545,寧茂企業股份有限公司,民間產業/電機,3
547,昱嘉科技股份有限公司,民間產業/民生化工生技,3
548,全友電腦股份有限公司,民間產業/資訊,1
549,英屬安圭拉商樂走走股份有限公司台灣分公司,民間產業/資訊,1
550,展憶儲存科技股份有限公司,民間產業/半導體,2
551,聯傑國際股份有限公司,民間產業/半導體,2
552,健策精密工業股份有限公司,民間產業/電子,1
553,台灣車輛股份有限公司,民間產業/機械,2
554,盟創科技股份有限公司,民間產業/通訊,12
555,旭能醫藥生技股份有限公司,民間產業/民生化工生技,1
556,領航數位國際股份有限公司,民間產業/數位內容,1
557,捷準科技股份有限公司,民間產業/電機,2
558,奎克生技光電股份有限公司,民間產業/民生化工生技,4
559,立積電子股份有限公司,民間產業/半導體,8
561,行家光電股份有限公司,民間產業/光電,6
562,瑩端數位股份有限公司,民間產業/通訊,2
563,喬崴進科技股份有限公司,民間產業/機械,7
564,超能高新材料股份有限公司,民間產業/光電,3
565,國立陽明大學,大學校院/,3
566,程曦資訊整合股份有限公司,民間產業/資訊,5
567,財團法人國家衛生研究院,財團法人研究機構/,2
568,鈦昇科技股份有限公司,民間產業/半導體,4
569,崑榮機械股份有限公司,民間產業/機械,3
570,廣運機械工程股份有限公司,民間產業/機械,7
571,美商祥茂光電科技股份有限公司台灣分公司,民間產業/光電,3
572,友龍機械股份有限公司,民間產業/機械,1
573,同欣電子工業股份有限公司,民間產業/半導體,9
574,錩泰工業股份有限公司,民間產業/機械,6
575,樂榮工業股份有限公司,民間產業/電子,8
576,亞獵士航太科技股份有限公司,民間產業/金屬,2
577,璦司柏電子股份有限公司,民間產業/光電,2
578,哈瑪星科技股份有限公司,民間產業/資訊,6
579,旭德科技股份有限公司,民間產業/電子,8
580,奈創科技股份有限公司,民間產業/其他,1
581,輝創電子股份有限公司,民間產業/機械,2
582,友輝光電股份有限公司,民間產業/光電,3
583,良方股份有限公司,民間產業/電子,2
585,瀚宇彩晶股份有限公司,民間產業/光電,6
586,富強鑫精密工業股份有限公司,民間產業/機械,2
587,翱騰股份有限公司,民間產業/資訊,4
588,笙科電子股份有限公司,民間產業/半導體,2
589,泰興工程顧問股份有限公司,民間產業/服務業,1
590,三陽工業股份有限公司,民間產業/機械,5
591,晶祈生技股份有限公司,民間產業/民生化工生技,1
592,永進機械工業股份有限公司,民間產業/機械,11
593,華亞科技股份有限公司,民間產業/半導體,6
594,矽格股份有限公司,民間產業/半導體,4
595,凌群電腦股份有限公司,民間產業/資訊,10
596,今國光學工業股份有限公司,民間產業/光電,3
597,九豪精密陶瓷股份有限公司,民間產業/電子,2
598,和湘科技有限公司,民間產業/光電,1
600,祥儀企業股份有限公司,民間產業/金屬,2
601,碩天科技股份有限公司,民間產業/電子,1
602,華碩電腦股份有限公司,民間產業/資訊,57
604,摩特動力工業股份有限公司,民間產業/機械,1
605,榮成紙業股份有限公司,民間產業/其他,2
606,財團法人電信技術中心,財團法人研究機構/,3
607,醫百科技股份有限公司,民間產業/民生化工生技,2
608,捷創科技股份有限公司,民間產業/半導體,2
611,新代科技股份有限公司,民間產業/機械,10
612,曜凌光電股份有限公司,民間產業/光電,2
613,勝麗國際股份有限公司,民間產業/半導體,4
614,世界先進積體電路股份有限公司,民間產業/半導體,160
615,捷揚光電股份有限公司,民間產業/光電,2
616,中華映管股份有限公司,民間產業/光電,20
617,泰碩電子股份有限公司,民間產業/電子,1
618,大銀微系統股份有限公司,民間產業/電機,18
619,衛生福利部國民健康署,政府機關/,25
620,展宇科技材料股份有限公司,民間產業/民生化工生技,1
621,巨盛電子股份有限公司,民間產業/半導體,5
622,東元電機股份有限公司,民間產業/電機,14
623,崧騰企業股份有限公司,民間產業/電子,4
624,德鴻科技股份有限公司,民間產業/資訊,5
626,財團法人婦女權益促進發展基金會,財團法人研究機構/,1
627,全景軟體股份有限公司,民間產業/資訊,9
628,崇越科技股份有限公司,民間產業/半導體,3
629,众社企股份有限公司,民間產業/資訊,3
630,華擎科技股份有限公司,民間產業/資訊,9
631,永擎電子股份有限公司,民間產業/資訊,11
632,晶元光電股份有限公司,民間產業/光電,15
633,群聯電子股份有限公司,民間產業/半導體,45
634,連展科技股份有限公司,民間產業/電子,8
635,捷惠自動機械有限公司,民間產業/機械,2
636,智研科技有限公司,民間產業/其他,1
637,勇領科技股份有限公司,民間產業/半導體,3
638,創新服務股份有限公司,民間產業/機械,2
639,緯創資通股份有限公司,民間產業/資訊,76
640,蔚華科技股份有限公司,民間產業/半導體,3
641,元智大學,大學校院/,5
642,達佛羅企業有限公司,民間產業/機械,2
643,穩正企業股份有限公司,民間產業/其他,3
644,國立臺灣師範大學,大學校院/,5
645,台灣晶技股份有限公司,民間產業/電子,8
646,為升電裝工業股份有限公司,民間產業/電子,5
647,德安資訊股份有限公司,民間產業/資訊,3
648,國立中正大學,大學校院/,2
649,恒耀工業股份有限公司,民間產業/金屬,3
650,蒙恬科技股份有限公司,民間產業/資訊,3
652,威聯通科技股份有限公司,民間產業/資訊,30
653,上銀科技股份有限公司,民間產業/機械,51
654,華電聯網股份有限公司,民間產業/資訊,2
655,仁寶電腦工業股份有限公司,民間產業/資訊,36
656,律勝科技股份有限公司,民間產業/電子,2
657,星友科技股份有限公司,民間產業/資訊,3
660,育碁數位科技股份有限公司,民間產業/數位內容,2
661,奇鼎科技股份有限公司,民間產業/其他,1
662,鑫創科技股份有限公司,民間產業/半導體,4
663,意鑫合金工業股份有限公司,民間產業/機械,2
664,樂陞科技股份有限公司,民間產業/數位內容,3
665,亦思科技股份有限公司,民間產業/資訊,2
666,三二三網路科技股份有限公司,民間產業/資訊,1
667,瀚霖科技股份有限公司,民間產業/通訊,2
668,點子研創有限公司,民間產業/數位內容,1
671,協禧電機股份有限公司,民間產業/電機,1
672,得心股份有限公司,民間產業/電機,1
673,南茂科技股份有限公司,民間產業/半導體,17
675,國家災害防救科技中心,行政法人/,2
676,達創科技股份有限公司,民間產業/通訊,17
677,正崴精密工業股份有限公司,民間產業/電子,15
678,商之器科技股份有限公司,民間產業/民生化工生技,2
679,磁力線上股份有限公司,民間產業/數位內容,2
680,泰金寶電通股份有限公司,民間產業/電子,18
681,億光電子工業股份有限公司,民間產業/光電,30
682,台灣德和精化股份有限公司,民間產業/民生化工生技,2
683,亞拓醫療器材股份有限公司,民間產業/民生化工生技,2
684,麗臺科技股份有限公司,民間產業/通訊,14
685,核心智識股份有限公司,民間產業/資訊,3
686,穎想科技股份有限公司,民間產業/資訊,2
687,光環科技股份有限公司,民間產業/光電,2
688,漢民微測科技股份有限公司,民間產業/機械,2
689,兆赫電子股份有限公司,民間產業/電子,8
690,國立雲林科技大學,大學校院/,2
691,系微股份有限公司,民間產業/資訊,10
692,台灣國際航電股份有限公司,民間產業/通訊,11
693,明安國際企業股份有限公司,民間產業/金屬,2
694,聯強國際股份有限公司,民間產業/資訊,10
695,燁鋒輕合金股份有限公司,民間產業/金屬,4
696,阿達特科技股份有限公司,民間產業/電子,1
698,聯德電子股份有限公司,民間產業/電子,4
699,群光電能科技股份有限公司,民間產業/電子,15
700,永洋科技股份有限公司,民間產業/通訊,2
701,民景企業股份有限公司,民間產業/其他,2
702,國立臺灣大學,大學校院/,26
703,得力富企業股份有限公司,民間產業/機械,2
704,中國文化大學,大學校院/,1
705,心悅生醫股份有限公司,民間產業/服務業,1
706,車王電子股份有限公司,民間產業/電子,4
708,友華生技醫藥股份有限公司,民間產業/民生化工生技,1
709,寶一科技股份有限公司,民間產業/機械,1
710,樂倍達數位科技股份有限公司,民間產業/資訊,1
711,體學生物科技股份有限公司,民間產業/民生化工生技,5
712,長茂科技股份有限公司,民間產業/通訊,1
713,凱基證券股份有限公司,民間產業/服務業,1
714,神基科技股份有限公司,民間產業/資訊,15
715,楓橡科技股份有限公司,民間產業/資訊,4
716,新誼整合科技股份有限公司,民間產業/資訊,5
717,英研智能移動股份有限公司,民間產業/資訊,5
718,興澄股份有限公司,民間產業/電子,1
720,凱健企業股份有限公司,民間產業/民生化工生技,2
721,網際智慧股份有限公司,民間產業/資訊,2
722,頎邦科技股份有限公司,民間產業/半導體,4
723,東捷科技股份有限公司,民間產業/機械,10
724,台灣生捷科技股份有限公司,民間產業/民生化工生技,2
725,虹光精密工業股份有限公司,民間產業/光電,5
726,紘康科技股份有限公司,民間產業/半導體,2
727,光焱科技股份有限公司,民間產業/光電,5
728,金豐機器工業股份有限公司,民間產業/機械,3
729,協鴻工業股份有限公司,民間產業/機械,11
730,友聲電子有限公司,民間產業/電子,1
731,創研光電股份有限公司,民間產業/光電,3
732,第一傳動科技股份有限公司,民間產業/電機,3
733,卡訊電子股份有限公司,民間產業/電子,3
734,網際威信股份有限公司,民間產業/資訊,3
736,旭富製藥科技股份有限公司,民間產業/民生化工生技,1
737,銓寶工業股份有限公司,民間產業/機械,5
739,長庚醫療財團法人,財團法人研究機構/,3
740,盈正豫順電子股份有限公司,民間產業/電子,3
742,高明鐵企業股份有限公司,民間產業/機械,6
743,新日光能源科技股份有限公司,民間產業/光電,15
744,捷儀科技股份有限公司,民間產業/資訊,3
745,北宸科技股份有限公司,民間產業/資訊,3
746,威力工業網絡股份有限公司,民間產業/通訊,10
747,喜樂醫療器材股份有限公司,民間產業/民生化工生技,2
748,廣達電腦股份有限公司,民間產業/資訊,70
749,博通生技股份有限公司,民間產業/民生化工生技,2
751,亘隆國際精機股份有限公司,民間產業/機械,3
752,金利橡膠股份有限公司,民間產業/其他,3
754,博盛智權管理顧問有限公司,民間產業/服務業,1
755,安盛生科股份有限公司,民間產業/民生化工生技,2
756,傳承光電股份有限公司,民間產業/光電,4
757,崴強科技股份有限公司,民間產業/光電,2
758,大砌國際電子股份有限公司,民間產業/半導體,1
759,香港商聯寶電腦有限公司台灣分公司,民間產業/電子,15
761,陽程科技股份有限公司,民間產業/機械,5
762,久大資訊網路股份有限公司,民間產業/資訊,2
763,台灣恩智浦半導體股份有限公司,民間產業/半導體,3
764,鈺創科技股份有限公司,民間產業/半導體,3
765,帆宣系統科技股份有限公司,民間產業/機械,5
766,明太工業股份有限公司,民間產業/機械,1
767,台元紡織股份有限公司,民間產業/民生化工生技,1
768,榮剛材料科技股份有限公司,民間產業/金屬,4
769,豪客能源科技股份有限公司,民間產業/光電,6
770,台灣創新材料股份有限公司,民間產業/其他,1
771,康大資訊股份有限公司,民間產業/資訊,4
772,茂發電子股份有限公司,民間產業/資訊,4
775,維田科技股份有限公司,民間產業/資訊,4
776,聚紡股份有限公司,民間產業/民生化工生技,2
777,信昌機械廠股份有限公司,民間產業/機械,6
778,精藤股份有限公司,民間產業/資訊,4
779,宏景智權專利商標事務所,民間產業/服務業,2
780,邦睿生技股份有限公司,民間產業/民生化工生技,3
781,鈺群科技股份有限公司,民間產業/半導體,5
782,網星資訊股份有限公司,民間產業/資訊,2
783,廣昌科技股份有限公司,民間產業/電子,3
784,鈺立微電子股份有限公司,民間產業/半導體,3
785,台灣嘉碩科技股份有限公司,民間產業/電子,2
786,聯詠科技股份有限公司,民間產業/半導體,30
787,公準精密工業股份有限公司,民間產業/金屬,7
788,美律實業股份有限公司,民間產業/通訊,3
790,宇田控制科技股份有限公司,民間產業/其他,1
792,康舒科技股份有限公司,民間產業/電子,21
793,義芳化學工業股份有限公司,民間產業/民生化工生技,3
794,宏麗數位創意股份有限公司,民間產業/數位內容,3
796,東台精機股份有限公司,民間產業/機械,2
797,晶焱科技股份有限公司,民間產業/半導體,3
799,中強光電股份有限公司,民間產業/光電,13
801,緯創軟體股份有限公司,民間產業/資訊,17
802,欣興電子股份有限公司,民間產業/電子,26
803,飛搜股份有限公司,民間產業/資訊,2
804,南京資訊股份有限公司,民間產業/資訊,3
805,奇卓科技股份有限公司,民間產業/電子,2
806,神達電腦股份有限公司,民間產業/資訊,3
807,牧德科技股份有限公司,民間產業/機械,9
809,益華電腦科技股份有限公司,民間產業/電子,7
810,里米斯科技股份有限公司,民間產業/其他,3
811,彩豐精技股份有限公司,民間產業/電子,3
812,國泰人壽保險股份有限公司,民間產業/服務業,22
813,東服企業股份有限公司,民間產業/半導體,3
814,京華超音波股份有限公司,民間產業/機械,2
815,妍發科技股份有限公司,民間產業/電子,3
816,力林科技股份有限公司,民間產業/半導體,1
819,翔榛興業股份有限公司,民間產業/機械,2
820,瀚源生醫股份有限公司,民間產業/民生化工生技,2
822,祥翊製藥股份有限公司,民間產業/民生化工生技,2
823,富比庫股份有限公司,民間產業/資訊,1
824,豪弓實業有限公司,民間產業/資訊,2
826,台技工業設備股份有限公司,民間產業/機械,1
827,嘉鴻遊艇股份有限公司,民間產業/其他,1
829,利電電機科技股份有限公司,民間產業/電機,2
830,立普思股份有限公司,民間產業/電子,13
831,耐德科技股份有限公司,民間產業/資訊,2
832,金像電子股份有限公司,民間產業/電子,20
834,志聖工業股份有限公司,民間產業/電子,5
835,伊凡達科技股份有限公司,民間產業/資訊,5
836,穩得實業股份有限公司,民間產業/電子,1
837,台灣康寧顯示玻璃股份有限公司,民間產業/光電,3
838,柏林股份有限公司,民間產業/民生化工生技,2
839,卓越動力資訊股份有限公司,民間產業/資訊,2
840,美商蘋果電子股份有限公司台灣分公司,民間產業/電子,1
841,亞拓電器股份有限公司,民間產業/電子,5
842,宏致電子股份有限公司,民間產業/電子,4
843,六和機械股份有限公司,民間產業/機械,2
845,研華寶元數控股份有限公司,民間產業/機械,4
846,曜揚科技股份有限公司,民間產業/資訊,1
847,耕興股份有限公司,民間產業/服務業,1
848,聯發光電股份有限公司,民間產業/資訊,4
849,鐵雲科技股份有限公司,民間產業/資訊,3
850,全科綜電股份有限公司,民間產業/電子,3
851,台晶光電股份有限公司,民間產業/光電,2
852,震豐股份有限公司,民間產業/服務業,1
854,易宏生物科技股份有限公司,民間產業/服務業,5
855,震虎精密科技股份有限公司,民間產業/金屬,1
856,華碩雲端股份有限公司,民間產業/資訊,4
859,六俊電機儀具股份有限公司,民間產業/電機,1
863,頻譜電子工業股份有限公司,民間產業/電子,4
864,愛拍設計股份有限公司,民間產業/電子,3
867,豪紳纖維科技股份有限公司,民間產業/民生化工生技,4
868,佰鴻工業股份有限公司,民間產業/光電,1
869,妞時尚股份有限公司,民間產業/數位內容,1
870,橙的電子股份有限公司,民間產業/電子,3
871,憶正科技股份有限公司,民間產業/資訊,3
873,神通資訊科技股份有限公司,民間產業/資訊,4
874,頂程國際股份有限公司,民間產業/半導體,2
876,銀泰科技股份有限公司,民間產業/機械,3
880,鋐光實業股份有限公司,民間產業/金屬,1
881,天擎積體電路股份有限公司,民間產業/半導體,2
882,艾法科技股份有限公司,民間產業/電子,2
883,國立臺北科技大學,大學校院/,6
885,群浤科技股份有限公司,民間產業/電子,10
888,台灣彩光科技股份有限公司,民間產業/光電,3
892,義隆電子股份有限公司,民間產業/半導體,20
